Fold No,Epoch No,Accuracy,Loss,Val_Accuracy,Val_Loss
1,1,0.6367,1.0613,0.2633,3.2631
1,2,0.7551,0.6801,0.4191,3.1132
1,3,0.8037,0.5318,0.8233,0.4133
1,4,0.8264,0.4597,0.8224,0.5406
1,5,0.8619,0.3702,0.8609,0.3645
1,6,0.8763,0.3444,0.8941,0.2922
1,7,0.8888,0.3177,0.8801,0.2937
1,8,0.9054,0.2627,0.9038,0.3026
1,9,0.9186,0.2273,0.9248,0.2132
1,10,0.9247,0.2215,0.8548,0.4353
1,11,0.937,0.1804,0.7787,0.6716
1,12,0.9378,0.1748,0.9125,0.2373
1,13,0.93,0.1963,0.9458,0.1634
1,14,0.9339,0.1799,0.8434,0.5582
1,15,0.9525,0.1409,0.9554,0.1236
1,16,0.9525,0.1314,0.9598,0.1154
1,17,0.9604,0.1144,0.8513,0.7233
1,18,0.9652,0.1025,0.9396,0.2049
1,19,0.9626,0.1215,0.7524,1.1658
1,20,0.9558,0.1277,0.958,0.1205
1,21,0.9687,0.0942,0.9204,0.2448
1,22,0.9575,0.1184,0.9405,0.2302
1,23,0.9582,0.1226,0.9563,0.136
1,24,0.9724,0.0789,0.9335,0.2144
1,25,0.9689,0.0865,0.9545,0.1615
1,26,0.9761,0.0703,0.9554,0.1235
1,27,0.9753,0.07,0.8609,0.5012
1,28,0.9746,0.0791,0.9615,0.1327
1,29,0.9783,0.0595,0.9519,0.1595
1,30,0.9772,0.0605,0.9606,0.1439
2,1,0.6538,1.0116,0.3535,3.7298
2,2,0.768,0.6237,0.7122,0.9685
2,3,0.8028,0.5352,0.7927,0.505
2,4,0.8326,0.4476,0.8504,0.4466
2,5,0.8566,0.3926,0.8871,0.3304
2,6,0.8842,0.3103,0.8154,0.5712
2,7,0.8925,0.3021,0.7865,0.7461
2,8,0.9098,0.2444,0.8933,0.2999
2,9,0.9177,0.2217,0.8723,0.3374
2,10,0.9243,0.1951,0.9361,0.2021
2,11,0.9354,0.184,0.8941,0.3104
2,12,0.9265,0.1998,0.9326,0.2046
2,13,0.9392,0.1757,0.9405,0.1929
2,14,0.9473,0.1522,0.93,0.2387
2,15,0.9514,0.1309,0.9283,0.2414
2,16,0.9521,0.1515,0.9475,0.1661
2,17,0.954,0.128,0.9283,0.2117
2,18,0.9589,0.1184,0.9108,0.279
2,19,0.9617,0.107,0.9405,0.2045
2,20,0.9652,0.0985,0.9414,0.1898
2,21,0.9593,0.1219,0.9344,0.213
2,22,0.9654,0.1045,0.9431,0.1795
2,23,0.9735,0.0764,0.9431,0.2091
2,24,0.9753,0.0746,0.9466,0.1938
2,25,0.9667,0.0998,0.9213,0.2654
2,26,0.9637,0.1072,0.951,0.1781
2,27,0.9724,0.0821,0.9501,0.1766
2,28,0.9779,0.0658,0.9615,0.159
2,29,0.984,0.053,0.9598,0.1513
2,30,0.9829,0.0505,0.9545,0.1892
3,1,0.6558,0.9791,0.2609,3.3739
3,2,0.77,0.6411,0.7776,0.7157
3,3,0.8057,0.5464,0.817,0.5772
3,4,0.8495,0.4184,0.8004,0.6696
3,5,0.8748,0.3611,0.8958,0.2849
3,6,0.8834,0.3361,0.9256,0.2125
3,7,0.9063,0.279,0.8739,0.3562
3,8,0.9193,0.2268,0.9264,0.2086
3,9,0.9269,0.211,0.9159,0.2473
3,10,0.928,0.201,0.8984,0.2764
3,11,0.9383,0.1782,0.9273,0.2476
3,12,0.9396,0.1745,0.9361,0.205
3,13,0.9455,0.1506,0.9142,0.2924
3,14,0.9545,0.1324,0.9623,0.145
3,15,0.9602,0.1196,0.9422,0.2032
3,16,0.9468,0.1523,0.9396,0.1687
3,17,0.963,0.1114,0.9466,0.1794
3,18,0.963,0.1018,0.9606,0.1433
3,19,0.9635,0.1097,0.9685,0.1259
3,20,0.9606,0.1175,0.9518,0.157
3,21,0.9722,0.087,0.9457,0.1795
3,22,0.9672,0.1014,0.9413,0.2034
3,23,0.9775,0.0753,0.9387,0.2022
3,24,0.965,0.0965,0.9475,0.1766
3,25,0.9748,0.0761,0.9352,0.2435
3,26,0.9685,0.0932,0.9606,0.1489
3,27,0.9744,0.0795,0.9475,0.1805
3,28,0.9772,0.0744,0.9632,0.1727
3,29,0.9847,0.0465,0.9212,0.3201
3,30,0.9685,0.0921,0.9641,0.1239
4,1,0.6348,1.0564,0.2461,3.7048
4,2,0.7492,0.6955,0.5981,1.3485
4,3,0.7923,0.5548,0.8485,0.3949
4,4,0.8282,0.4623,0.7566,0.6498
4,5,0.8617,0.3858,0.852,0.3981
4,6,0.8834,0.3363,0.9028,0.2903
4,7,0.888,0.2985,0.9457,0.1597
4,8,0.8996,0.266,0.9229,0.2174
4,9,0.9105,0.2531,0.9361,0.1791
4,10,0.9278,0.2022,0.8433,0.5197
4,11,0.9114,0.2413,0.9396,0.2062
4,12,0.9341,0.1752,0.9081,0.2666
4,13,0.9379,0.1753,0.9413,0.1669
4,14,0.9462,0.157,0.9396,0.1967
4,15,0.9499,0.1371,0.9588,0.1313
4,16,0.9536,0.1366,0.9562,0.1309
4,17,0.9462,0.1446,0.9475,0.1751
4,18,0.9648,0.1104,0.9536,0.148
4,19,0.9611,0.1057,0.9431,0.1934
4,20,0.9495,0.1504,0.9212,0.2161
4,21,0.9527,0.1349,0.9606,0.1457
4,22,0.9597,0.1137,0.8958,0.3278
4,23,0.9742,0.0793,0.9431,0.1718
4,24,0.9702,0.0902,0.9553,0.1614
4,25,0.9746,0.0744,0.972,0.1127
4,26,0.9761,0.0718,0.9571,0.1718
4,27,0.9718,0.0774,0.873,0.4615
4,28,0.9656,0.1016,0.9536,0.1696
4,29,0.9722,0.0826,0.9562,0.188
4,30,0.9796,0.0537,0.9641,0.1243
5,1,0.6473,1.0199,0.2636,6.1597
5,2,0.7532,0.6854,0.7294,0.7045
5,3,0.8007,0.5306,0.8415,0.4923
5,4,0.8438,0.4494,0.8406,0.5081
5,5,0.8698,0.3631,0.8967,0.3199
5,6,0.8849,0.3288,0.8827,0.3585
5,7,0.8998,0.2736,0.8765,0.3777
5,8,0.9171,0.2432,0.8879,0.4344
5,9,0.916,0.2263,0.9264,0.1821
5,10,0.9295,0.2033,0.8757,0.3742
5,11,0.9374,0.1761,0.9282,0.2278
5,12,0.9348,0.1907,0.9466,0.1489
5,13,0.946,0.1594,0.9291,0.2113
5,14,0.9486,0.1496,0.9326,0.2141
5,15,0.9591,0.1297,0.9431,0.2103
5,16,0.9554,0.1324,0.9089,0.2953
5,17,0.9573,0.1265,0.9326,0.1919
5,18,0.9354,0.1878,0.9571,0.1184
5,19,0.9621,0.1076,0.9623,0.1231
5,20,0.9672,0.0945,0.965,0.1261
5,21,0.9718,0.0879,0.9606,0.1227
5,22,0.9713,0.0862,0.6909,1.1131
5,23,0.9687,0.0948,0.9588,0.1272
5,24,0.9731,0.0831,0.965,0.1229
5,25,0.977,0.0641,0.965,0.1241
5,26,0.9803,0.0612,0.9623,0.1338
5,27,0.9766,0.0747,0.9448,0.2307
5,28,0.9799,0.0638,0.9606,0.1381
5,29,0.9764,0.0762,0.9694,0.1087
5,30,0.9799,0.0587,0.9694,0.1041
,,,,,
,,,,,
,,,,,
,,,,,
,Metric,Value,,,
,Mean K-Fold Validation Accuracy,0.9666,,,