,,,,,,,,,,,,
Global Model Initialization RESULTS,,,,,,,,,,,,
,,,,,,,,,,,,
,,,,,,,,,,,,
Fold No,Epoch No,Accuracy,Loss,Val_Accuracy,Val_Loss,Learning_Rate,,,Conclusion : Global Model Results,,,
1,1,0.6529,1.0159,0.4226,1.5462,0.001,,,,,,
1,2,0.7772,0.6349,0.7017,0.9568,0.001,,,,,,
1,3,0.8,0.5447,0.7743,0.6291,0.001,,,,,,
1,4,0.8306,0.452,0.8749,0.3462,0.001,,,,,,
1,5,0.8665,0.3828,0.8451,0.4185,0.001,,,,,,
1,6,0.8853,0.3204,0.8985,0.2974,0.001,,,,,,
1,7,0.9076,0.2638,0.9195,0.2081,0.001,,,,,,
1,8,0.9177,0.2388,0.874,0.3895,0.001,,,,,,
1,9,0.9346,0.1865,0.825,0.4811,0.001,,,,,,
1,10,0.9372,0.1841,0.8845,0.3322,0.001,,,,,,
1,11,0.9584,0.1286,0.9589,0.1169,5.00E-04,,,,,,
1,12,0.97,0.0948,0.9624,0.119,5.00E-04,,,,,,
1,13,0.9676,0.0957,0.9703,0.0956,5.00E-04,,,,,,
1,14,0.9641,0.1101,0.9554,0.138,5.00E-04,,,,,,
1,15,0.9715,0.0826,0.965,0.1194,5.00E-04,,,,,,
1,16,0.965,0.1009,0.951,0.1856,5.00E-04,,,,,,
1,17,0.977,0.0631,0.9764,0.0718,2.50E-04,,,,,,
1,18,0.984,0.0468,0.979,0.0784,2.50E-04,,,,,,
1,19,0.9904,0.0314,0.9729,0.0986,2.50E-04,,,,,,
1,20,0.9862,0.0433,0.9729,0.0966,2.50E-04,,,,,,
1,21,0.9886,0.0347,0.9834,0.0606,1.25E-04,,,,,,
1,22,0.9923,0.0261,0.9799,0.0643,1.25E-04,,,,,,
1,23,0.993,0.0239,0.9816,0.0642,1.25E-04,,,,,,
1,24,0.9947,0.0205,0.9799,0.0749,1.25E-04,,,,,,
1,25,0.9956,0.0166,0.9825,0.0704,6.25E-05,,,,,,
1,26,0.9947,0.0177,0.9834,0.0684,6.25E-05,,,,,,
2,1,0.6253,1.1186,0.2878,1.7336,0.001,,,,,,
2,2,0.759,0.6613,0.6885,1.0665,0.001,,,,,,
2,3,0.8046,0.5349,0.8303,0.6002,0.001,,,,,,
2,4,0.8466,0.4289,0.8101,0.5157,0.001,,,,,,
2,5,0.8584,0.3885,0.853,0.3925,0.001,,,,,,
2,6,0.8908,0.3152,0.8548,0.4688,0.001,,,,,,
2,7,0.9072,0.2771,0.9151,0.2854,0.001,,,,,,
2,8,0.9195,0.229,0.9046,0.29,0.001,,,,,,
2,9,0.9247,0.2307,0.9274,0.2159,0.001,,,,,,
2,10,0.9374,0.1884,0.9178,0.2818,0.001,,,,,,
2,11,0.9383,0.1742,0.9274,0.2204,0.001,,,,,,
2,12,0.9475,0.1589,0.9081,0.2361,0.001,,,,,,
2,13,0.9661,0.1009,0.9423,0.2078,5.00E-04,,,,,,
2,14,0.9709,0.0837,0.9396,0.1985,5.00E-04,,,,,,
2,15,0.9753,0.0699,0.9589,0.1467,5.00E-04,,,,,,
2,16,0.9772,0.0605,0.9423,0.2379,5.00E-04,,,,,,
2,17,0.9777,0.07,0.9213,0.3057,5.00E-04,,,,,,
2,18,0.9733,0.0825,0.9108,0.3436,5.00E-04,,,,,,
2,19,0.9792,0.0657,0.9545,0.1572,2.50E-04,,,,,,
2,20,0.9875,0.0395,0.9589,0.1697,2.50E-04,,,,,,
3,1,0.6591,0.9919,0.2898,2.6119,0.001,,,,,,
3,2,0.7761,0.6312,0.782,0.5824,0.001,,,,,,
3,3,0.8011,0.5382,0.81,0.5268,0.001,,,,,,
3,4,0.8302,0.4689,0.8555,0.4591,0.001,,,,,,
3,5,0.8567,0.398,0.8984,0.2875,0.001,,,,,,
3,6,0.8777,0.3332,0.8424,0.4329,0.001,,,,,,
3,7,0.888,0.3002,0.9194,0.2294,0.001,,,,,,
3,8,0.9053,0.2585,0.9335,0.1846,0.001,,,,,,
3,9,0.9225,0.2175,0.9256,0.1918,0.001,,,,,,
3,10,0.9368,0.1852,0.9037,0.2885,0.001,,,,,,
3,11,0.9313,0.1956,0.9273,0.2138,0.001,,,,,,
3,12,0.9602,0.1278,0.9597,0.1238,5.00E-04,,,,,,
3,13,0.9678,0.0955,0.9685,0.1083,5.00E-04,,,,,,
3,14,0.9705,0.0877,0.9615,0.1226,5.00E-04,,,,,,
3,15,0.9702,0.0861,0.951,0.1453,5.00E-04,,,,,,
3,16,0.9729,0.0824,0.9676,0.1293,5.00E-04,,,,,,
3,17,0.9827,0.0525,0.9676,0.1028,2.50E-04,,,,,,
3,18,0.984,0.0483,0.9764,0.0817,2.50E-04,,,,,,
3,19,0.981,0.0565,0.9755,0.1137,2.50E-04,,,,,,
3,20,0.984,0.0556,0.9667,0.0978,2.50E-04,,,,,,
3,21,0.9873,0.038,0.9694,0.1227,2.50E-04,,,,,,
3,22,0.9928,0.0259,0.9764,0.102,1.25E-04,,,,,,
3,23,0.9943,0.0231,0.9799,0.1036,1.25E-04,,,,,,
4,1,0.6468,1.0324,0.2942,2.1206,0.001,,,,,,
4,2,0.7608,0.673,0.732,0.8937,0.001,,,,,,
4,3,0.8074,0.5198,0.873,0.3788,0.001,,,,,,
4,4,0.8306,0.4609,0.8765,0.346,0.001,,,,,,
4,5,0.847,0.4084,0.8783,0.2966,0.001,,,,,,
4,6,0.8689,0.3481,0.8292,0.4918,0.001,,,,,,
4,7,0.8906,0.2916,0.9116,0.2555,0.001,,,,,,
4,8,0.9079,0.2505,0.9212,0.2336,0.001,,,,,,
4,9,0.8915,0.2943,0.9291,0.214,0.001,,,,,,
4,10,0.9289,0.2089,0.8949,0.312,0.001,,,,,,
4,11,0.9354,0.1864,0.9501,0.1639,0.001,,,,,,
4,12,0.9422,0.1595,0.9011,0.272,0.001,,,,,,
4,13,0.9435,0.1575,0.9177,0.2475,0.001,,,,,,
4,14,0.9503,0.1463,0.965,0.1223,0.001,,,,,,
4,15,0.9624,0.1088,0.9317,0.223,0.001,,,,,,
4,16,0.9525,0.1389,0.9352,0.2019,0.001,,,,,,
4,17,0.9503,0.1398,0.951,0.1514,0.001,,,,,,
4,18,0.9744,0.0823,0.9641,0.1143,5.00E-04,,,,,,
4,19,0.9838,0.0518,0.9606,0.1044,5.00E-04,,,,,,
4,20,0.9759,0.0714,0.9545,0.1445,5.00E-04,,,,,,
4,21,0.9816,0.0546,0.9597,0.1354,5.00E-04,,,,,,
4,22,0.9812,0.0527,0.9667,0.111,5.00E-04,,,,,,
4,23,0.9888,0.0349,0.9685,0.1031,2.50E-04,,,,,,
4,24,0.9919,0.0247,0.9746,0.0967,2.50E-04,,,,,,
4,25,0.9947,0.0158,0.9658,0.1242,2.50E-04,,,,,,
4,26,0.9928,0.0278,0.9737,0.101,2.50E-04,,,,,,
4,27,0.9952,0.0162,0.9737,0.111,2.50E-04,,,,,,
4,28,0.9954,0.0159,0.9772,0.1106,1.25E-04,,,,,,
4,29,0.9941,0.0179,0.9764,0.0896,1.25E-04,,,,,,
4,30,0.9921,0.0199,0.9781,0.0997,1.25E-04,,,,,,
5,1,0.6414,1.0548,0.2986,2.0437,0.001,,,,,,
5,2,0.7571,0.678,0.8109,0.521,0.001,,,,,,
5,3,0.8037,0.5409,0.7951,0.5752,0.001,,,,,,
5,4,0.8322,0.4597,0.8678,0.384,0.001,,,,,,
5,5,0.8608,0.3893,0.838,0.4493,0.001,,,,,,
5,6,0.8825,0.3172,0.894,0.3291,0.001,,,,,,
5,7,0.9046,0.2705,0.8932,0.3031,0.001,,,,,,
5,8,0.9044,0.2707,0.9081,0.2558,0.001,,,,,,
5,9,0.9282,0.2028,0.9326,0.1947,0.001,,,,,,
5,10,0.933,0.1963,0.9422,0.1673,0.001,,,,,,
5,11,0.9403,0.1709,0.8932,0.298,0.001,,,,,,
5,12,0.9475,0.1616,0.9387,0.1955,0.001,,,,,,
5,13,0.9521,0.1403,0.951,0.1346,0.001,,,,,,
5,14,0.9512,0.1396,0.9431,0.1804,0.001,,,,,,
5,15,0.9484,0.1494,0.9553,0.1363,0.001,,,,,,
5,16,0.965,0.1021,0.9194,0.2438,0.001,,,,,,
5,17,0.9744,0.0772,0.9553,0.1418,5.00E-04,,,,,,
5,18,0.9807,0.0619,0.9597,0.12,5.00E-04,,,,,,
5,19,0.9812,0.0568,0.9641,0.1273,5.00E-04,,,,,,
5,20,0.9818,0.0535,0.9615,0.1409,5.00E-04,,,,,,
5,21,0.9869,0.0417,0.965,0.1293,5.00E-04,,,,,,
5,22,0.9904,0.0347,0.979,0.0866,2.50E-04,,,,,,
5,23,0.9904,0.0272,0.9729,0.0891,2.50E-04,,,,,,
5,24,0.9937,0.0213,0.9702,0.1082,2.50E-04,,,,,,
5,25,0.9921,0.0234,0.9746,0.0847,2.50E-04,,,,,,
5,26,0.9917,0.0259,0.972,0.1043,2.50E-04,,,,,,
5,27,0.993,0.0268,0.972,0.1067,2.50E-04,,,,,,
5,28,0.9958,0.0181,0.9781,0.0813,2.50E-04,,,,,,
5,29,0.9915,0.0257,0.9737,0.1193,2.50E-04,,,,,,
5,30,0.9926,0.0218,0.9685,0.1284,2.50E-04,,,,,,
,,,,,,,,,,,,
,,,,,,,,,,,,
CLIENT TRAINING RESULTS,,,,,,,,,,,,
,,,,,,,,,,,,
,,,,,,,,,,,,
