Metric,Fold 1,Fold 2,Fold 3,Fold 4,Fold 5,Mean (± Std. Dev)
Best Validation Accuracy,0.7174,0.7244,0.7627,0.7224,0.7513,0.7356 (± 0.0180)
Best Validation Loss,0.7231 (Epoch 27),0.5948 (Epoch 27),0.6509 (Epoch 21),0.6172 (Epoch 20),0.6316 (Epoch 16),N/A
,,,,,,
,,,,,,
Federated Round,Client ID,Local Accuracy (Final Epoch 6),Local Loss (Final Epoch 6),Global Validation Accuracy,Global Validation Loss,
Round 1,Client 1,0.5661,1.1288,0.2875,1.5647,
,Client 2,0.4523,1.2121,,,
,Client 3,0.4711,1.2018,,,
,Client 4,0.5053,1.2013,,,
,Client 5,0.3511,1.3029,,,
Round 2,Client 1,0.6194,1.019,0.5513,1.1444,
,Client 2,0.5381,1.1039,,,
,Client 3,0.5928,1.0429,,,
,Client 4,0.5613,1.1147*,,,
,Client 5,0.5746,1.0965,,,
,,,,,,
centralized model for comparison ,,,,,,
,,,,,,
Fold No,Epoch No,Train Accuracy,Train Loss,Val_Accuracy,Val_Loss,
1,1,0.4323,1.168,0.2948,1.6171,
1,2,0.4561,1.1165,0.5136,1.1965,
1,3,0.4463,1.1144,0.4619,1.088,
1,4,0.4701,1.0625,0.4864,0.9903,
1,5,0.4806,1.039,0.5074,0.9636,
1,6,0.476,1.0388,0.5389,0.9794,
1,7,0.492,1.0127,0.4821,1.0124,
1,8,0.4653,1.047,0.4899,0.947,
1,9,0.4935,1.0092,0.4777,0.9682,
1,10,0.483,1.0574,0.5494,1.0069,
1,11,0.5135,1.0648,0.5328,0.9701,
1,12,0.4977,1.0465,0.5241,0.9911,
1,13,0.5065,1.0125,0.5267,0.9311,
1,14,0.545,0.994,0.6037,0.923,
1,15,0.5898,0.949,0.6562,0.8991,
1,16,0.6023,0.9432,0.6702,0.9034,
1,17,0.6146,0.9246,0.6395,0.9159,
1,18,0.6242,0.9036,0.6763,0.8358,
1,19,0.6238,0.902,0.6474,0.8766,
1,20,0.6507,0.8829,0.7095,0.8076,
1,21,0.6553,0.8814,0.7078,0.8183,
1,22,0.645,0.8815,0.6894,0.81,
1,23,0.6559,0.8722,0.7262,0.7854,
1,24,0.6538,0.8834,0.6702,0.8082,
1,25,0.6654,0.8361,0.685,0.7821,
1,26,0.689,0.8012,0.7314,0.7257,
1,27,0.6752,0.8282,0.7174,0.7231,
1,28,0.671,0.8266,0.72,0.7336,
1,29,0.6588,0.8355,0.6903,0.7983,
1,30,0.689,0.7941,0.6947,0.7362,
2,1,0.4773,1.1906,0.2738,1.3611,
2,2,0.5384,1.0668,0.5853,0.9703,
2,3,0.5636,1.0314,0.608,1.0713,
2,4,0.5513,1.0559,0.5293,1.0493,
2,5,0.6087,0.9625,0.5451,1.0622,
2,6,0.5802,0.9885,0.6474,0.8496,
2,7,0.6306,0.8805,0.6535,0.8119,
2,8,0.6299,0.8656,0.6745,0.7938,
2,9,0.6382,0.8352,0.6815,0.7536,
2,10,0.6594,0.7998,0.6623,0.7767,
2,11,0.6529,0.8031,0.6763,0.724,
2,12,0.6833,0.7453,0.6833,0.7222,
2,13,0.6774,0.7601,0.6868,0.769,
2,14,0.6754,0.7583,0.6938,0.6688,
2,15,0.6772,0.7388,0.6369,0.7714,
2,16,0.6735,0.7712,0.664,0.7358,
2,17,0.6761,0.7362,0.6868,0.7361,
2,18,0.677,0.7248,0.6903,0.6581,
2,19,0.6949,0.6828,0.6973,0.659,
2,20,0.6982,0.6992,0.6982,0.6489,
2,21,0.6984,0.6799,0.6938,0.663,
2,22,0.7028,0.6606,0.7113,0.6351,
2,23,0.7124,0.661,0.7052,0.6441,
2,24,0.7168,0.6449,0.7209,0.6167,
2,25,0.7115,0.6558,0.7148,0.6309,
2,26,0.7093,0.6498,0.7218,0.6134,
2,27,0.717,0.6309,0.7244,0.5948,
2,28,0.7174,0.6324,0.7192,0.6109,
2,29,0.7188,0.6228,0.7104,0.6318,
2,30,0.722,0.6247,0.7262,0.5954,
3,1,0.3376,1.3468,0.282,1.3391,
3,2,0.477,1.1767,0.6655,1.0189,
3,3,0.563,1.0722,0.3835,1.4326,
3,4,0.5978,0.9923,0.6401,0.8946,
3,5,0.6026,0.9785,0.5333,1.0959,
3,6,0.616,0.9365,0.6576,0.848,
3,7,0.6204,0.92,0.6462,0.9427,
3,8,0.6357,0.8897,0.6427,0.8033,
3,9,0.5976,0.9168,0.6427,0.8056,
3,10,0.6252,0.873,0.366,1.6827,
3,11,0.6385,0.8255,0.6856,0.7483,
3,12,0.6326,0.8462,0.6313,0.8227,
3,13,0.6604,0.815,0.7049,0.7345,
3,14,0.6565,0.7953,0.7189,0.7027,
3,15,0.6737,0.7955,0.6918,0.7931,
3,16,0.6188,0.9101,0.6576,0.81,
3,17,0.6545,0.8304,0.7207,0.7109,
3,18,0.6812,0.7593,0.7215,0.6749,
3,19,0.7061,0.7397,0.7592,0.6662,
3,20,0.7127,0.7263,0.7215,0.6835,
3,21,0.7057,0.7363,0.7627,0.6509,
3,22,0.6993,0.7619,0.6988,0.7857,
3,23,0.7175,0.7147,0.7426,0.6633,
3,24,0.7044,0.7483,0.7399,0.6862,
3,25,0.7114,0.7265,0.7504,0.6719,
3,26,0.7289,0.7102,0.7443,0.6675,
4,1,0.3628,1.324,0.2408,1.5106,
4,2,0.5407,1.1162,0.606,1.0211,
4,3,0.549,1.0649,0.6252,0.9634,
4,4,0.6068,0.969,0.6419,0.8873,
4,5,0.6101,0.9507,0.6506,0.8328,
4,6,0.6098,0.9276,0.6384,0.8686,
4,7,0.6123,0.9165,0.6795,0.7813,
4,8,0.6282,0.8621,0.6147,0.8692,
4,9,0.6451,0.83,0.641,0.895,
4,10,0.649,0.8322,0.6576,0.811,
4,11,0.6648,0.7946,0.6699,0.7495,
4,12,0.6781,0.756,0.6961,0.722,
4,13,0.6851,0.7451,0.6953,0.7024,
4,14,0.7004,0.7201,0.6979,0.7057,
4,15,0.702,0.7091,0.6506,0.8387,
4,16,0.6899,0.72,0.7154,0.6448,
4,17,0.6969,0.7084,0.7128,0.6666,
4,18,0.7077,0.6906,0.7067,0.6629,
4,19,0.6796,0.7217,0.7163,0.636,
4,20,0.7009,0.6893,0.7224,0.6172,
4,21,0.6978,0.6862,0.711,0.6646,
4,22,0.7024,0.711,0.6734,0.7759,
4,23,0.6969,0.7328,0.7023,0.6976,
4,24,0.7166,0.6838,0.7137,0.673,
4,25,0.7179,0.6854,0.7119,0.6771,
5,1,0.4394,1.2349,0.338,1.5106,
5,2,0.5464,1.1319,0.5377,1.1812,
5,3,0.5726,1.0439,0.6725,0.8468,
5,4,0.5751,1.0098,0.6856,0.8644,
5,5,0.6142,0.9236,0.6182,0.881,
5,6,0.6179,0.9254,0.6716,0.8307,
5,7,0.6037,0.9297,0.6856,0.7722,
5,8,0.6092,0.9026,0.662,0.8168,
5,9,0.6462,0.8253,0.6708,0.7413,
5,10,0.6425,0.8373,0.7198,0.6718,
5,11,0.6551,0.8535,0.6988,0.7522,
5,12,0.6597,0.8019,0.7207,0.6656,
5,13,0.6735,0.7851,0.7434,0.6807,
5,14,0.681,0.799,0.7399,0.6572,
5,15,0.663,0.7995,0.6865,0.7602,
5,16,0.6875,0.7877,0.7513,0.6316,
5,17,0.6702,0.7988,0.7154,0.6924,
5,18,0.6632,0.8343,0.7364,0.6883,
5,19,0.665,0.809,0.7373,0.7351,
5,20,0.7048,0.7323,0.7426,0.645,
5,21,0.6965,0.7534,0.6848,0.7556,
,,,,,,
,,,,,,
FEDERATED CLIENT TRAINING RESULTS,,,,,,
,,,,,,
Round No,Client No,Epoch No,Train Accuracy,Train Loss,Learning Rate,
1,1,1,0.3045,1.3608,0.001,
1,1,2,0.3885,1.2753,0.001,
1,1,3,0.4059,1.2248,0.001,
1,1,4,0.5048,1.2057,0.001,
1,1,5,0.4821,1.2028,0.001,
1,1,6,0.5661,1.1288,0.001,
1,2,1,0.315,1.3651,0.001,
1,2,2,0.4121,1.324,0.001,
1,2,3,0.3893,1.2917,0.001,
1,2,4,0.4357,1.2556,0.001,
1,2,5,0.4243,1.2197,0.001,
1,2,6,0.4523,1.2121,0.001,
1,3,1,0.2986,1.3745,0.001,
1,3,2,0.3327,1.3636,0.001,
1,3,3,0.3564,1.2874,0.001,
1,3,4,0.3975,1.2597,0.001,
1,3,5,0.4615,1.2436,0.001,
1,3,6,0.4711,1.2018,0.001,
1,4,1,0.317,1.3726,0.001,
1,4,2,0.3765,1.286,0.001,
1,4,3,0.3564,1.2823,0.001,
1,4,4,0.486,1.2372,0.001,
1,4,5,0.556,1.1837,0.001,
1,4,6,0.5053,1.2013,0.001,
1,5,1,0.2504,1.3948,0.001,
1,5,2,0.296,1.3393,0.001,
1,5,3,0.3144,1.3096,0.001,
1,5,4,0.3012,1.2994,0.001,
1,5,5,0.4089,1.2815,0.001,
1,5,6,0.3511,1.3029,0.001,
2,1,1,0.5241,1.1863,0.001,
2,1,2,0.4943,1.238,0.001,
2,1,3,0.5066,1.179,0.001,
2,1,4,0.5704,1.1158,0.001,
2,1,5,0.5731,1.0841,0.001,
2,1,6,0.6194,1.019,0.001,
2,2,1,0.5153,1.1992,0.001,
2,2,2,0.5591,1.1642,0.001,
2,2,3,0.5941,1.1143,0.001,
2,2,4,0.5748,1.1007,0.001,
2,2,5,0.5214,1.1193,0.001,
2,2,6,0.5381,1.1039,0.001,
2,3,1,0.5245,1.1963,0.001,
2,3,2,0.5657,1.1658,0.001,
2,3,3,0.5876,1.1103,0.001,
2,3,4,0.641,1.0486,0.001,
2,3,5,0.6103,1.0596,0.001,
2,3,6,0.5928,1.0429,0.001,
2,4,1,0.5447,1.176,0.001,
2,4,2,0.5552,1.1447,0.001,
2,4,3,0.6033,1.097,0.001,
2,4,4,0.5797,1.113,0.001,
2,4,5,0.6095,1.055,0.001,
2,4,6,0.5613,1.1073,0.001,
2,5,1,0.5158,1.1956,0.001,
2,5,2,0.5184,1.212,0.001,
2,5,3,0.5271,1.1731,0.001,
2,5,4,0.5306,1.1671,0.001,
2,5,5,0.5403,1.1213,0.001,
2,5,6,0.5508,1.117,0.001,
3,1,1,0.6562,0.9636,0.001,
3,1,2,0.6369,0.9555,0.001,
3,1,3,0.6194,0.9595,0.001,
3,1,4,0.5818,1.0002,0.001,
3,1,5,0.622,0.9224,0.0005,
3,1,6,0.6579,0.8633,0.0005,
3,2,1,0.6395,0.9673,0.001,
3,2,2,0.6299,0.9564,0.001,
3,2,3,0.6422,0.9353,0.001,
3,2,4,0.6282,0.9128,0.001,
3,2,5,0.5871,1.0037,0.001,
3,2,6,0.5984,1.0028,0.001,
3,3,1,0.6121,1.0059,0.001,
3,3,2,0.634,0.9959,0.001,
3,3,3,0.634,0.9755,0.001,
3,3,4,0.6086,0.9756,0.001,
3,3,5,0.6313,0.9443,0.001,
3,3,6,0.6489,0.9147,0.001,
3,4,1,0.6191,1.0112,0.001,
3,4,2,0.634,0.9926,0.001,
3,4,3,0.5928,1.0122,0.001,
3,4,4,0.5858,1.0235,0.001,
3,4,5,0.6296,0.9661,0.0005,
3,4,6,0.6506,0.9123,0.0005,
3,5,1,0.6025,1.0108,0.001,
3,5,2,0.5946,1.0015,0.001,
3,5,3,0.6357,0.9365,0.001,
3,5,4,0.5744,0.9986,0.001,
3,5,5,0.6235,0.9453,0.001,
3,5,6,0.6173,0.9383,0.0005,
4,1,1,0.671,0.8574,0.001,
4,1,2,0.6894,0.8274,0.001,
4,1,3,0.5958,0.9669,0.001,
4,1,4,0.5792,0.9764,0.001,
4,1,5,0.6334,0.8866,0.0005,
4,2,1,0.6597,0.8735,0.001,
4,2,2,0.6737,0.8463,0.001,
4,2,3,0.6142,0.9143,0.001,
4,2,4,0.6457,0.8464,0.001,
4,2,5,0.6527,0.8479,0.0005,
4,3,1,0.6489,0.8771,0.001,
4,3,2,0.6585,0.8534,0.001,
4,3,3,0.6576,0.8484,0.001,
4,3,4,0.6532,0.8837,0.001,
4,3,5,0.6567,0.8363,0.001,
4,3,6,0.6594,0.8351,0.001,
4,4,1,0.6664,0.8507,0.001,
4,4,2,0.6532,0.8709,0.001,
4,4,3,0.6384,0.922,0.001,
4,4,4,0.662,0.8412,0.0005,
4,4,5,0.6699,0.8303,0.0005,
4,4,6,0.676,0.8235,0.0005,
4,5,1,0.6515,0.8822,0.001,
4,5,2,0.6182,0.9064,0.001,
4,5,3,0.6051,0.9521,0.001,
4,5,4,0.6506,0.8787,0.0005,
4,5,5,0.6532,0.8386,0.0005,
4,5,6,0.6489,0.8522,0.0005,
5,1,1,0.6833,0.8061,0.001,
5,1,2,0.6763,0.8264,0.001,
5,1,3,0.6702,0.8036,0.001,
5,1,4,0.6754,0.7748,0.001,
5,1,5,0.6763,0.8277,0.001,
5,1,6,0.6457,0.8499,0.001,
5,2,1,0.6842,0.7928,0.001,
5,2,2,0.6448,0.8655,0.001,
5,2,3,0.6579,0.8354,0.001,
5,2,4,0.6527,0.8236,0.0005,
5,3,1,0.6848,0.7772,0.001,
5,3,2,0.6646,0.8035,0.001,
5,3,3,0.6576,0.823,0.001,
5,3,4,0.6778,0.7896,0.0005,
5,4,1,0.697,0.7822,0.001,
5,4,2,0.6865,0.787,0.001,
5,4,3,0.6813,0.8095,0.001,
5,4,4,0.662,0.834,0.0005,
5,5,1,0.6532,0.8652,0.001,
5,5,2,0.6278,0.8686,0.001,
5,5,3,0.6007,0.9203,0.001,
5,5,4,0.6366,0.8529,0.0005,
5,5,5,0.6454,0.8343,0.0005,
5,5,6,0.6392,0.8284,0.0005,
,,,,,,
,,,,,,
,,,,,,
,,,,,,
Metric,Value,,,,,
Overall Test Accuracy,0.6873,,,,,
Macro Avg F1-Score,0.5891,,,,,
Weighted Avg F1-Score,0.6062,,,,,
Total Test Samples (Support),1311,,,,,
,,,,,,
,,,,,,
,,,,,,
Class,Precision,Recall,F1-Score,Support,Performance Note,
glioma,0.536,0.9433,0.6836,300,"High Recall, but low Precision (many false positives).",
meningioma,0.4,0.0065,0.0129,306,Extremely Poor Performance (almost no correct positive predictions).,
notumor,0.8083,0.8642,0.8353,405,Excellent overall performance.,
pituitary,0.771,0.8867,0.8248,300,Very strong and balanced performance.,