Round No (Fold),Client No,Epoch No,Accuracy,Loss,Val_Accuracy (Global Model),Val_Loss (Global Model),Learning Rate,,,,,
1,1,1,0.5503,1.3918,-,-,0.001,,,,,
1,1,2,0.6404,1.0355,-,-,0.001,,,,,
1,1,3,0.6842,0.9541,-,-,0.001,,,,,
1,1,4,0.7209,0.7809,-,-,0.001,,,,,
1,1,5,0.7288,0.7841,-,-,0.001,,,,,
1,1,6,0.7804,0.6456,-,-,0.001,,,,,
1,2,1,0.5486,1.381,-,-,0.001,,,,,
1,2,2,0.6527,1.0315,-,-,0.001,,,,,
1,2,3,0.6973,0.8612,-,-,0.001,,,,,
1,2,4,0.7148,0.803,-,-,0.001,,,,,
1,2,5,0.7585,0.6608,-,-,0.001,,,,,
1,2,6,0.7463,0.6801,-,-,0.001,,,,,
1,3,1,0.5447,1.3849,-,-,0.001,,,,,
1,3,2,0.6401,1.0397,-,-,0.001,,,,,
1,3,3,0.676,0.9412,-,-,0.001,,,,,
1,3,4,0.6743,0.8429,-,-,0.001,,,,,
1,3,5,0.7356,0.7009,-,-,0.001,,,,,
1,3,6,0.7881,0.5932,-,-,0.001,,,,,
1,4,1,0.5385,1.421,-,-,0.001,,,,,
1,4,2,0.6506,1.0293,-,-,0.001,,,,,
1,4,3,0.7154,0.7954,-,-,0.001,,,,,
1,4,4,0.7277,0.7064,-,-,0.001,,,,,
1,4,5,0.7548,0.7404,-,-,0.001,,,,,
1,4,6,0.7723,0.6082,-,-,0.001,,,,,
1,5,1,0.5692,1.3239,-,-,0.001,,,,,
1,5,2,0.6349,1.0795,-,-,0.001,,,,,
1,5,3,0.648,1.0279,-,-,0.001,,,,,
1,5,4,0.7093,0.8431,-,-,0.001,,,,,
1,5,5,0.718,0.7719,-,-,0.001,,,,,
1,5,6,0.7513,0.7095,-,-,0.001,,,,,
1 (Global),-,-,-,-,0.255,1.597,-,,,,,
2,1,1,0.6684,0.9269,-,-,0.001,,,,,
2,1,2,0.7174,0.7626,-,-,0.001,,,,,
2,1,3,0.7489,0.6728,-,-,0.001,,,,,
2,1,4,0.7533,0.6641,-,-,0.001,,,,,
2,1,5,0.7865,0.5675,-,-,0.001,,,,,
2,1,6,0.7883,0.5611,-,-,0.001,,,,,
2,2,1,0.6352,0.9743,-,-,0.001,,,,,
2,2,2,0.7034,0.7952,-,-,0.001,,,,,
2,2,3,0.7235,0.7385,-,-,0.001,,,,,
2,2,4,0.783,0.5918,-,-,0.001,,,,,
2,2,5,0.7909,0.5652,-,-,0.001,,,,,
2,2,6,0.7927,0.5322,-,-,0.001,,,,,
2,3,1,0.6629,0.9306,-,-,0.001,,,,,
2,3,2,0.7075,0.8046,-,-,0.001,,,,,
2,3,3,0.7461,0.6861,-,-,0.001,,,,,
2,3,4,0.7688,0.6207,-,-,0.001,,,,,
2,3,5,0.7986,0.5724,-,-,0.001,,,,,
2,3,6,0.8319,0.4907,-,-,0.001,,,,,
2,4,1,0.6217,1.0064,-,-,0.001,,,,,
2,4,2,0.7145,0.7727,-,-,0.001,,,,,
2,4,3,0.7443,0.6262,-,-,0.001,,,,,
2,4,4,0.7408,0.6702,-,-,0.001,,,,,
2,4,5,0.7828,0.5559,-,-,0.001,,,,,
2,4,6,0.8187,0.5438,-,-,0.001,,,,,
2,5,1,0.6165,1.0212,-,-,0.001,,,,,
2,5,2,0.69,0.8725,-,-,0.001,,,,,
2,5,3,0.7329,0.7589,-,-,0.001,,,,,
2,5,4,0.7767,0.6172,-,-,0.001,,,,,
2,5,5,0.7828,0.6078,-,-,0.001,,,,,
2,5,6,0.7846,0.5752,-,-,0.001,,,,,
2 (Global),-,-,-,-,0.255,1.6699,-,,,,,
3,1,1,0.72,0.761,N/A,N/A,0.001,,,,,
3,1,2,0.7472,0.6831,N/A,N/A,0.001,,,,,
3,1,3,0.7892,0.5383,N/A,N/A,0.001,,,,,
3,1,4,0.811,0.528,N/A,N/A,0.001,,,,,
3,1,5,0.776,0.5786,N/A,N/A,0.001,,,,,
3,1,6,0.8224,0.4843,N/A,N/A,0.001,,,,,
3,2,1,0.7034,0.7601,N/A,N/A,0.001,,,,,
3,2,2,0.769,0.6308,N/A,N/A,0.001,,,,,
3,2,3,0.7795,0.5452,N/A,N/A,0.001,,,,,
3,2,4,0.7935,0.5134,N/A,N/A,0.001,,,,,
3,2,5,0.8189,0.4745,N/A,N/A,0.001,,,,,
3,2,6,0.8381,0.4521,N/A,N/A,0.001,,,,,
3,3,1,0.7198,0.7634,N/A,N/A,0.001,,,,,
3,3,2,0.7706,0.6406,N/A,N/A,0.001,,,,,
3,3,3,0.7601,0.6033,N/A,N/A,0.001,,,,,
3,3,4,0.789,0.5274,N/A,N/A,0.001,,,,,
3,3,5,0.7977,0.5449,N/A,N/A,0.001,,,,,
3,3,6,0.8152,0.4835,N/A,N/A,0.001,,,,,
3,4,1,0.7268,0.7189,N/A,N/A,0.001,,,,,
3,4,2,0.7863,0.5568,N/A,N/A,0.001,,,,,
3,4,3,0.7881,0.5468,N/A,N/A,0.001,,,,,
3,4,4,0.8135,0.5059,N/A,N/A,0.001,,,,,
3,4,5,0.8004,0.5153,N/A,N/A,0.001,,,,,
3,4,6,0.8109,0.4984,N/A,N/A,0.001,,,,,
3,5,1,0.7032,0.7632,N/A,N/A,0.001,,,,,
3,5,2,0.725,0.7305,N/A,N/A,0.001,,,,,
3,5,3,0.7601,0.6338,N/A,N/A,0.001,,,,,
3,5,4,0.7758,0.5913,N/A,N/A,0.001,,,,,
3,5,5,0.7986,0.5121,N/A,N/A,0.001,,,,,
3,5,6,0.831,0.4702,N/A,N/A,0.001,,,,,
3,Aggregated,Final,N/A,N/A,0.3812,1.3394,N/A,,,,,
4,1,1,0.762,0.5999,N/A,N/A,0.001,,,,,
4,1,2,0.7988,0.54,N/A,N/A,0.001,,,,,
4,1,3,0.8338,0.4557,N/A,N/A,0.001,,,,,
4,1,4,0.8416,0.4015,N/A,N/A,0.001,,,,,
4,1,5,0.8836,0.3345,N/A,N/A,0.001,,,,,
4,1,6,0.8976,0.304,N/A,N/A,0.001,,,,,
4,2,1,0.7603,0.6548,N/A,N/A,0.001,,,,,
4,2,2,0.7944,0.5364,N/A,N/A,0.001,,,,,
4,2,3,0.8084,0.5108,N/A,N/A,0.001,,,,,
4,2,4,0.8259,0.4618,N/A,N/A,0.001,,,,,
4,2,5,0.8609,0.3664,N/A,N/A,0.001,,,,,
4,2,6,0.8618,0.3464,N/A,N/A,0.001,,,,,
4,3,1,0.7601,0.6132,N/A,N/A,0.001,,,,,
4,3,2,0.8065,0.4972,N/A,N/A,0.001,,,,,
4,3,3,0.8284,0.4618,N/A,N/A,0.001,,,,,
4,3,4,0.8275,0.4579,N/A,N/A,0.001,,,,,
4,3,5,0.8739,0.3381,N/A,N/A,0.001,,,,,
4,3,6,0.8651,0.3794,N/A,N/A,0.001,,,,,
4,4,1,0.7583,0.6335,N/A,N/A,0.001,,,,,
4,4,2,0.81,0.4984,N/A,N/A,0.001,,,,,
4,4,3,0.8257,0.4861,N/A,N/A,0.001,,,,,
4,4,4,0.8222,0.4608,N/A,N/A,0.001,,,,,
4,4,5,0.8555,0.3852,N/A,N/A,0.001,,,,,
4,4,6,0.8616,0.3496,N/A,N/A,0.001,,,,,
4,5,1,0.768,0.616,N/A,N/A,0.001,,,,,
4,5,2,0.7925,0.5301,N/A,N/A,0.001,,,,,
4,5,3,0.7977,0.4961,N/A,N/A,0.001,,,,,
4,5,4,0.8546,0.3947,N/A,N/A,0.001,,,,,
4,5,5,0.8503,0.3928,N/A,N/A,0.001,,,,,
4,5,6,0.8503,0.4168,N/A,N/A,0.001,,,,,
4,Aggregated,Final,N/A,N/A,0.4943,1.2729,N/A,,,,,
5,1,1,0.8233,0.4816,N/A,N/A,0.001,,,,,
5,1,2,0.8574,0.3889,N/A,N/A,0.001,,,,,
5,1,3,0.888,0.2927,N/A,N/A,0.001,,,,,
5,1,4,0.8495,0.4087,N/A,N/A,0.001,,,,,
5,1,5,0.8959,0.3073,N/A,N/A,0.001,,,,,
5,1,6,0.9283,0.1893,N/A,N/A,5.00E-04,,,,,
5,2,1,0.8128,0.5166,N/A,N/A,0.001,,,,,
5,2,2,0.8469,0.417,N/A,N/A,0.001,,,,,
5,2,3,0.8731,0.341,N/A,N/A,0.001,,,,,
5,2,4,0.8863,0.2963,N/A,N/A,0.001,,,,,
5,2,5,0.9055,0.3014,N/A,N/A,0.001,,,,,
5,2,6,0.8828,0.3089,N/A,N/A,0.001,,,,,
5,3,1,0.8266,0.489,N/A,N/A,0.001,,,,,
5,3,2,0.8494,0.3994,N/A,N/A,0.001,,,,,
5,3,3,0.8625,0.3285,N/A,N/A,0.001,,,,,
5,3,4,0.9011,0.2521,N/A,N/A,0.001,,,,,
5,3,5,0.9063,0.2638,N/A,N/A,0.001,,,,,
5,3,6,0.9177,0.2384,N/A,N/A,0.001,,,,,
5,4,1,0.8398,0.4542,N/A,N/A,0.001,,,,,
5,4,2,0.8757,0.3506,N/A,N/A,0.001,,,,,
5,4,3,0.8643,0.3811,N/A,N/A,0.001,,,,,
5,4,4,0.8932,0.2899,N/A,N/A,0.001,,,,,
5,4,5,0.9089,0.2586,N/A,N/A,0.001,,,,,
5,4,6,0.9019,0.2527,N/A,N/A,0.001,,,,,
5,5,1,0.8117,0.5072,N/A,N/A,0.001,,,,,
5,5,2,0.8599,0.3787,N/A,N/A,0.001,,,,,
5,5,3,0.8722,0.3439,N/A,N/A,0.001,,,,,
5,5,4,0.8923,0.2984,N/A,N/A,0.001,,,,,
5,5,5,0.8818,0.3376,N/A,N/A,0.001,,,,,
5,5,6,0.9002,0.2561,N/A,N/A,0.001,,,,,
5,Aggregated,Final,N/A,N/A,0.5802,1.1362,N/A,,,,,