Fold,Epoch,Time,accuracy,loss,val_accuracy,val_loss,learning_rate
1,1,81,0.2948,1.4033,0.2546,1.3898,0.001
1,2,67,0.3563,1.3428,0.3928,1.4042,0.001
1,3,70,0.4058,1.2883,0.2572,1.3692,0.001
1,4,66,0.4465,1.2355,0.4077,1.1975,0.001
1,5,66,0.5222,1.1815,0.6028,1.0686,0.001
1,6,66,0.5301,1.1518,0.3246,1.7415,0.001
1,7,70,0.49,1.2033,0.5879,1.1488,0.001
1,8,66,0.5507,1.1142,0.3228,1.7871,0.001
1,9,64,0.5555,1.0862,0.6037,1.022,0.0001
1,10,66,0.5596,1.0834,0.5792,1.0816,0.0001
1,11,64,0.5763,1.0592,0.608,1.009,0.0001
1,12,65,0.5813,1.0493,0.6089,1.0118,0.0001
1,13,65,0.5765,1.0469,0.5993,1.0189,0.0001
1,14,67,0.5785,1.0435,0.5976,1.033,0.0001
1,15,66,0.5905,1.0287,0.6045,1.0116,1e-05
1,16,66,0.5752,1.0391,0.6037,1.0131,1e-05
2,1,67,0.5016,1.2067,0.3307,1.5125,0.001
2,2,66,0.5428,1.1139,0.4462,1.312,0.001
2,3,66,0.5756,1.0546,0.608,1.0243,0.001
2,4,68,0.5824,1.0138,0.4584,1.1971,0.001
2,5,67,0.5321,1.0567,0.4864,1.2232,0.001
2,6,67,0.5461,1.0478,0.5337,1.0176,0.001
2,7,67,0.5815,0.9965,0.5127,1.0838,0.001
2,8,65,0.594,0.9837,0.6308,0.9022,0.001
2,9,66,0.5929,0.9815,0.5661,1.051,0.001
2,10,70,0.5787,0.98,0.5757,0.9473,0.001
2,11,66,0.5835,0.9592,0.5302,1.0141,0.001
2,12,65,0.5951,0.9129,0.6518,0.8159,0.0001
2,13,65,0.6091,0.8929,0.6649,0.8025,0.0001
2,14,68,0.6078,0.8953,0.6675,0.7882,0.0001
2,15,65,0.6255,0.8607,0.6789,0.7602,0.0001
2,16,65,0.6229,0.8666,0.6789,0.7612,0.0001
2,17,64,0.6257,0.8667,0.6833,0.7548,0.0001
2,18,64,0.6332,0.8413,0.6807,0.7503,0.0001
2,19,65,0.6205,0.8463,0.6693,0.7616,0.0001
2,20,64,0.6367,0.8306,0.6842,0.7414,0.0001
2,21,64,0.6422,0.831,0.6868,0.734,0.0001
2,22,66,0.6387,0.8363,0.6807,0.7403,0.0001
2,23,64,0.6406,0.8308,0.6807,0.7385,0.0001
2,24,65,0.6437,0.8173,0.6675,0.7612,0.0001
2,25,65,0.6371,0.8078,0.678,0.7362,1e-05
2,26,65,0.6441,0.8136,0.6807,0.7274,1e-05
2,27,64,0.6417,0.8142,0.6763,0.7345,1e-05
2,28,64,0.6461,0.8101,0.6833,0.7267,1e-05
2,29,65,0.6551,0.7987,0.6789,0.7275,1e-05
2,30,65,0.6439,0.8163,0.6807,0.7269,1e-05
3,1,65,0.3606,1.3153,0.4282,1.2394,0.001
3,2,66,0.3449,1.2654,0.3897,1.222,0.001
3,3,66,0.4009,1.1749,0.437,1.1451,0.001
3,4,64,0.4796,1.1742,0.4597,1.308,0.001
3,5,63,0.4908,1.1462,0.359,1.2872,0.001
3,6,63,0.4919,1.1322,0.4912,1.0543,0.001
3,7,65,0.5291,1.1144,0.5823,1.0123,0.001
3,8,71,0.56,1.0484,0.3704,1.6684,0.001
3,9,65,0.5832,1.0031,0.6191,0.9319,0.001
3,10,66,0.5807,1.0128,0.4667,1.2014,0.001
3,11,66,0.493,1.1971,0.2715,1.9853,0.001
3,12,67,0.563,1.0812,0.5587,1.0966,0.001
3,13,64,0.5641,1.055,0.6121,0.9791,0.0001
3,14,63,0.5549,1.0686,0.6217,0.9653,0.0001
4,1,67,0.4223,1.2303,0.3336,1.4729,0.001
4,2,64,0.4473,1.172,0.4501,1.1603,0.001
4,3,68,0.4562,1.1419,0.4124,1.5575,0.001
4,4,65,0.4779,1.1233,0.4413,1.1546,0.001
4,5,65,0.4888,1.0783,0.507,1.2072,0.001
4,6,63,0.5534,1.0657,0.5858,1.011,0.001
4,7,65,0.5184,1.08,0.5447,1.0312,0.001
4,8,65,0.5177,1.0649,0.4825,1.031,0.001
4,9,64,0.5374,1.0302,0.5184,1.062,0.001
4,10,66,0.5659,1.0146,0.6103,0.9345,0.0001
4,11,64,0.5796,0.9858,0.6147,0.9366,0.0001
4,12,64,0.5821,0.9839,0.6095,0.9435,0.0001
4,13,64,0.5917,0.9816,0.6243,0.9128,0.0001
4,14,67,0.6028,0.9642,0.6375,0.9099,0.0001
4,15,63,0.6011,0.96,0.6375,0.8963,0.0001
4,16,64,0.6234,0.9551,0.6515,0.8951,0.0001
4,17,65,0.6234,0.942,0.6497,0.8909,0.0001
4,18,64,0.6249,0.9398,0.6515,0.8827,0.0001
4,19,66,0.6193,0.9413,0.6524,0.8742,0.0001
4,20,66,0.6265,0.9304,0.6532,0.8672,0.0001
4,21,64,0.6348,0.9175,0.6699,0.8624,0.0001
4,22,63,0.6363,0.9184,0.6734,0.8518,0.0001
4,23,65,0.6516,0.9024,0.6699,0.8541,0.0001
4,24,64,0.6523,0.8917,0.676,0.8383,0.0001
4,25,65,0.6525,0.889,0.6699,0.8335,0.0001
4,26,64,0.6591,0.8799,0.6848,0.8157,0.0001
4,27,65,0.6593,0.8749,0.6734,0.8286,0.0001
4,28,65,0.656,0.8751,0.6821,0.8131,0.0001
4,29,64,0.6554,0.8724,0.6795,0.8058,0.0001
4,30,64,0.6628,0.8588,0.6813,0.8021,0.0001
5,1,65,0.305,1.3684,0.2172,1.3836,0.001
5,2,65,0.3906,1.2747,0.3441,1.3838,0.001
5,3,64,0.44,1.176,0.5175,1.1053,0.001
5,4,64,0.4705,1.1414,0.493,1.1471,0.001
5,5,65,0.4786,1.1048,0.4545,1.1814,0.001
5,6,68,0.467,1.0798,0.3345,1.8549,0.001
5,7,66,0.4792,1.0638,0.5149,1.0147,0.0001
5,8,67,0.4915,1.0516,0.5149,1.0172,0.0001
5,9,66,0.4912,1.0434,0.5184,1.0069,0.0001
5,10,67,0.5009,1.0382,0.5131,1.0151,0.0001
5,11,64,0.4937,1.041,0.521,0.9993,0.0001
5,12,65,0.5131,1.0208,0.528,0.9928,0.0001
5,13,65,0.5107,1.0188,0.5464,0.9776,0.0001
5,14,65,0.5247,1.008,0.5814,0.9571,0.0001
5,15,65,0.5247,1.0077,0.5841,0.9475,0.0001
5,16,65,0.5405,0.994,0.6278,0.9164,0.0001
5,17,64,0.5602,0.9807,0.6033,0.9225,0.0001
5,18,66,0.5571,0.9805,0.6419,0.9182,0.0001
5,19,65,0.5801,0.9766,0.655,0.8772,0.0001
5,20,67,0.577,0.9599,0.6454,0.8887,0.0001
5,21,66,0.5818,0.9545,0.6699,0.8585,0.0001
5,22,65,0.5877,0.9433,0.6226,0.9003,0.0001
5,23,64,0.5891,0.9383,0.6585,0.8577,0.0001
5,24,64,0.6123,0.9114,0.6506,0.8784,0.0001
5,25,64,0.6085,0.9129,0.6602,0.8601,0.0001
5,26,65,0.6011,0.9098,0.6856,0.8278,0.0001
5,27,65,0.6234,0.8922,0.6944,0.8079,0.0001
5,28,64,0.6193,0.8885,0.683,0.8272,0.0001
5,29,65,0.6319,0.8808,0.704,0.7995,0.0001
5,30,67,0.6319,0.8748,0.7005,0.7943,0.0001