Fold,Epoch,Time,Train_Loss,Train_Acc,Val_Loss,Val_Acc
1,1,18.64140248298645,0.7032971382141113,0.7430509924888611,0.8747677206993103,0.6640419960021973
1,2,4.079005718231201,0.5847687125205994,0.7826657891273499,0.4343860149383545,0.8495188355445862
1,3,4.107870578765869,0.4901793897151947,0.8246881365776062,0.36906665563583374,0.847769021987915
1,4,4.099359750747681,0.4192105531692505,0.8474501967430115,0.3144667446613312,0.8845144510269165
1,5,4.10161280632019,0.3572026193141937,0.8739330172538757,0.2559666037559509,0.8993875980377197
1,6,4.091912031173706,0.3023662865161896,0.8929743766784668,0.22327345609664917,0.9230096340179443
1,7,4.0986621379852295,0.2623266577720642,0.9122346043586731,0.1815473586320877,0.9291338324546814
1,8,4.0705485343933105,0.23426297307014465,0.9205515384674072,0.3347020745277405,0.887139081954956
1,9,4.06127667427063,0.22606892883777618,0.9196760654449463,1.034193754196167,0.7069116234779358
1,10,4.0832297801971436,0.2174919694662094,0.92755526304245,0.19214972853660583,0.93438321352005
1,11,4.136760473251343,0.20024937391281128,0.9308382868766785,0.15287555754184723,0.9422572255134583
1,12,4.1514573097229,0.17639398574829102,0.940249502658844,0.1949111670255661,0.9291338324546814
1,13,4.1390509605407715,0.14626209437847137,0.9470343589782715,0.22379766404628754,0.9160104990005493
1,14,4.141669988632202,0.15020577609539032,0.9468154907226562,0.1318303644657135,0.9562554955482483
1,15,4.079857349395752,0.14266225695610046,0.9509739279747009,0.1305079162120819,0.9518809914588928
1,16,4.070504426956177,0.11475606262683868,0.960166335105896,0.1461641937494278,0.9527559280395508
1,17,4.071223258972168,0.10495280474424362,0.9647625088691711,0.12190497666597366,0.9641295075416565
1,18,4.0999674797058105,0.12495443224906921,0.9549135565757751,0.14107871055603027,0.9571303725242615
1,19,4.131386756896973,0.09543178975582123,0.9704530239105225,0.1347569227218628,0.9571303725242615
1,20,4.155079364776611,0.09050518274307251,0.9726417064666748,0.3521243929862976,0.8801400065422058
1,21,4.234269618988037,0.08570577949285507,0.9708907604217529,0.20297962427139282,0.9308836460113525
1,22,4.228659152984619,0.08851287513971329,0.9704530239105225,0.19965770840644836,0.9370078444480896
1,23,4.382265090942383,0.08309490978717804,0.973736047744751,0.1282901167869568,0.9623796939849854
1,24,4.143491744995117,0.09978670626878738,0.9636682271957397,0.11421271413564682,0.9641295075416565
1,25,4.270373344421387,0.05692600458860397,0.9796454310417175,0.11204346269369125,0.967629075050354
1,26,4.231196641921997,0.05279131978750229,0.9831473231315613,0.12699759006500244,0.9623796939849854
1,27,4.0755650997161865,0.05245138704776764,0.9842416048049927,0.14984671771526337,0.953630805015564
1,28,4.232393503189087,0.0611264742910862,0.9778944849967957,0.10786381363868713,0.9685039520263672
1,29,4.1962292194366455,0.0632752925157547,0.9796454310417175,0.1455138474702835,0.953630805015564
1,30,4.114197731018066,0.05638789385557175,0.9816152453422546,0.1337490677833557,0.9658792614936829
2,1,17.5556960105896,0.6974599957466125,0.7406434416770935,1.322371244430542,0.46631669998168945
2,2,4.111109733581543,0.48296859860420227,0.8257824182510376,0.9170090556144714,0.6666666865348816
2,3,4.064483404159546,0.4196091890335083,0.8496388792991638,0.34250980615615845,0.8757655024528503
2,4,4.057313442230225,0.3628637492656708,0.8717443346977234,0.36362603306770325,0.8503937125205994
2,5,4.097764015197754,0.31250256299972534,0.8920989036560059,0.4738662838935852,0.84076988697052
2,6,4.159080743789673,0.2823903262615204,0.9039177298545837,0.4705992639064789,0.8355205655097961
2,7,4.069741249084473,0.23902542889118195,0.924053430557251,0.21700860559940338,0.9291338324546814
2,8,4.136628150939941,0.2065039575099945,0.9312759637832642,0.19229312241077423,0.9291338324546814
2,9,4.062490463256836,0.19009487330913544,0.9354344606399536,0.20983301103115082,0.9212598204612732
2,10,4.096633672714233,0.13973549008369446,0.9544758200645447,0.16071581840515137,0.9518809914588928
2,11,4.083663463592529,0.1251457780599594,0.9623550176620483,0.20474913716316223,0.9352580904960632
2,12,4.095607042312622,0.12978361546993256,0.9584153890609741,0.21475371718406677,0.9335083365440369
2,13,4.146306991577148,0.11438832432031631,0.9652002453804016,0.20757009088993073,0.93438321352005
2,14,4.1363232135772705,0.1062711551785469,0.9667323231697083,0.1610945612192154,0.9501312375068665
2,15,4.126946449279785,0.10427781939506531,0.9649813771247864,0.16837044060230255,0.9527559280395508
2,16,4.160866022109985,0.10261182487010956,0.9643247723579407,0.18890777230262756,0.9431321024894714
2,17,4.2046403884887695,0.09617605805397034,0.9652002453804016,0.23197044432163239,0.9378827810287476
2,18,4.25800895690918,0.07963374257087708,0.9754869937896729,0.15087811648845673,0.9571303725242615
2,19,4.159668445587158,0.06523560732603073,0.9798642992973328,0.17766880989074707,0.953630805015564
2,20,4.152949333190918,0.0648309588432312,0.980083167552948,0.14737509191036224,0.9545056819915771
2,21,4.104197978973389,0.07093880325555801,0.9792076945304871,0.20741190016269684,0.9431321024894714
2,22,4.0626208782196045,0.07080379128456116,0.9759247303009033,0.18596801161766052,0.9501312375068665
2,23,4.081237554550171,0.06993760913610458,0.9783322215080261,0.14329983294010162,0.9615048170089722
2,24,4.100485324859619,0.05017179250717163,0.9842416048049927,0.15369382500648499,0.9641295075416565
2,25,4.087314128875732,0.05575663223862648,0.980083167552948,0.14957164227962494,0.9632545709609985
2,26,4.089121580123901,0.05260452255606651,0.9818341135978699,0.12773457169532776,0.9615048170089722
2,27,4.103654146194458,0.04681827500462532,0.9868680238723755,0.21318170428276062,0.9448819160461426
2,28,4.111157178878784,0.0431930273771286,0.986430287361145,0.16479751467704773,0.9588801264762878
2,29,4.071779251098633,0.036795031279325485,0.9886189699172974,0.18226833641529083,0.9553805589675903
2,30,4.1589484214782715,0.04066649451851845,0.9868680238723755,0.1903761327266693,0.9492563605308533
3,1,20.231043577194214,0.7607006430625916,0.7091903686523438,2.207113027572632,0.35464099049568176
3,2,4.136843919754028,0.5242910385131836,0.7993435263633728,0.7607638835906982,0.7758318781852722
3,3,4.127068519592285,0.4951442778110504,0.8221006393432617,0.5020759701728821,0.8029772043228149
3,4,4.117078542709351,0.41486990451812744,0.8466083407402039,0.4484694302082062,0.8231173157691956
3,5,4.164300441741943,0.40669694542884827,0.8531728386878967,0.30820539593696594,0.8879159092903137
3,6,4.108224153518677,0.3417454957962036,0.8761488199234009,0.5821039080619812,0.7907180190086365
3,7,4.12140154838562,0.3164660334587097,0.8835886120796204,0.2720470428466797,0.8957968354225159
3,8,4.147714138031006,0.27185001969337463,0.9021881818771362,0.5653182864189148,0.8056042194366455
3,9,4.107763051986694,0.23417453467845917,0.916630208492279,0.23042412102222443,0.9203152656555176
3,10,4.1741673946380615,0.20783686637878418,0.9247264862060547,0.2731988728046417,0.9133099913597107
3,11,4.188284158706665,0.19162358343601227,0.9323851466178894,0.17814147472381592,0.9395796656608582
3,12,4.16599440574646,0.16904820501804352,0.942450761795044,0.24923206865787506,0.914185643196106
3,13,4.12882137298584,0.17159903049468994,0.939387321472168,0.17002640664577484,0.9439579844474792
3,14,4.114938020706177,0.12752564251422882,0.9549233913421631,0.13460040092468262,0.9535902142524719
3,15,4.165459632873535,0.138746440410614,0.9520787596702576,0.14811958372592926,0.9553415179252625
3,16,4.189096450805664,0.1313776969909668,0.9525164365768433,0.3833461105823517,0.8686515092849731
3,17,4.146270990371704,0.11701513081789017,0.9608315229415894,0.1504553258419037,0.9483362436294556
3,18,4.12716269493103,0.09698616713285446,0.967396080493927,0.2155618667602539,0.9334501028060913
3,19,4.152576684951782,0.08833745121955872,0.9724288582801819,0.19109424948692322,0.946584939956665
3,20,4.130264520645142,0.07285221666097641,0.9750546813011169,0.19412221014499664,0.9404553174972534
3,21,4.174060344696045,0.07003002613782883,0.973522961139679,0.17193882167339325,0.9518388509750366
3,22,4.170090913772583,0.06791887432336807,0.9763675928115845,0.13901695609092712,0.9649737477302551
3,23,4.1375572681427,0.07381893694400787,0.9752735495567322,0.13457517325878143,0.960595428943634
3,24,4.113716125488281,0.059316862374544144,0.9796499013900757,0.1328885704278946,0.9684763550758362
3,25,4.1555986404418945,0.05118240416049957,0.9824945330619812,0.17370305955410004,0.9483362436294556
3,26,4.16966438293457,0.061474256217479706,0.9811816215515137,0.15509779751300812,0.9535902142524719
3,27,4.123061418533325,0.05982203409075737,0.9789934158325195,0.22738081216812134,0.9492118954658508
3,28,4.136902809143066,0.045761093497276306,0.9846827387809753,0.18599525094032288,0.9562171697616577
3,29,4.122213363647461,0.05838194489479065,0.9822757244110107,0.12111877650022507,0.9658493995666504
3,30,4.13475775718689,0.04307931289076805,0.9851203560829163,0.1291532665491104,0.9658493995666504
4,1,17.03828763961792,0.764397144317627,0.7120350003242493,10.033175468444824,0.27758318185806274
4,2,4.110908031463623,0.5130510926246643,0.8144420385360718,0.5406274795532227,0.7898423671722412
4,3,4.168434381484985,0.44904443621635437,0.8319475054740906,0.4662151634693146,0.8091068267822266
4,4,4.213937759399414,0.356741726398468,0.8741794228553772,0.3704647421836853,0.8458844423294067
4,5,4.138989448547363,0.30982595682144165,0.8862144351005554,0.2915218770503998,0.9028021097183228
4,6,4.1893393993377686,0.26843276619911194,0.9006564617156982,0.36653825640678406,0.8651488423347473
4,7,4.148715019226074,0.23371386528015137,0.9168490171432495,0.4434036910533905,0.8590192794799805
4,8,4.291179895401001,0.22412192821502686,0.9234135746955872,0.19424517452716827,0.9308230876922607
4,9,4.3196916580200195,0.19194462895393372,0.9365426898002625,0.19904598593711853,0.9246935248374939
4,10,4.2552642822265625,0.16673482954502106,0.9415754675865173,0.21492697298526764,0.9290717840194702
4,11,4.16633152961731,0.14412185549736023,0.949234127998352,0.18814799189567566,0.9369527101516724
4,12,4.1507134437561035,0.1395193189382553,0.95076584815979,0.2321098893880844,0.932574450969696
4,13,4.1539623737335205,0.12756970524787903,0.9538293480873108,0.20215868949890137,0.9378283619880676
4,14,4.165836572647095,0.1132614016532898,0.9623632431030273,0.19283320009708405,0.943082332611084
4,15,4.223196268081665,0.10609989613294601,0.9619256258010864,0.17184986174106598,0.9474605917930603
4,16,4.187942266464233,0.07938343286514282,0.9713348150253296,0.131401926279068,0.9544658660888672
4,17,4.126082181930542,0.09202229976654053,0.9665207862854004,0.23689936101436615,0.9299474358558655
4,18,4.281973838806152,0.07274581491947174,0.9748358726501465,0.16765080392360687,0.9509631991386414
4,19,4.132124185562134,0.08097726851701736,0.971991240978241,0.16753093898296356,0.9553415179252625
4,20,4.137786865234375,0.04994535446166992,0.9829321503639221,0.18366262316703796,0.9500875473022461
4,21,4.197676181793213,0.05910217761993408,0.9805251359939575,0.18290075659751892,0.9562171697616577
4,22,4.196995258331299,0.06677562743425369,0.9811816215515137,0.2142290323972702,0.9527145624160767
4,23,4.159815549850464,0.07498175650835037,0.9757111668586731,0.1953693926334381,0.9422066807746887
4,24,4.130192041397095,0.053868360817432404,0.9814004302024841,0.24745124578475952,0.9404553174972534
4,25,4.168830156326294,0.05323406681418419,0.9842450618743896,0.23537908494472504,0.9395796656608582
4,26,4.158073425292969,0.05297083035111427,0.9822757244110107,0.2400241494178772,0.9404553174972534
4,27,4.132561683654785,0.05350508540868759,0.9827133417129517,0.17852051556110382,0.9483362436294556
4,28,4.119488000869751,0.04004386439919472,0.9875273704528809,0.3110416531562805,0.917688250541687
4,29,4.179112911224365,0.040156442672014236,0.9879649877548218,0.2285563200712204,0.9474605917930603
4,30,4.155041217803955,0.037124961614608765,0.9866520762443542,0.17353053390979767,0.9562171697616577
5,1,17.16266369819641,0.6967668533325195,0.7431071996688843,2.961639881134033,0.2854641079902649
5,2,4.195094585418701,0.4749404191970825,0.8288840055465698,0.4337462782859802,0.8441330790519714
5,3,4.167939186096191,0.3963911831378937,0.8579868674278259,0.33049362897872925,0.8677758574485779
5,4,4.176062107086182,0.32923218607902527,0.8842450976371765,0.3131310045719147,0.8721541166305542
5,5,4.1720216274261475,0.2916985750198364,0.9019693732261658,0.26755261421203613,0.889667272567749
5,6,4.221621751785278,0.23158031702041626,0.9223194718360901,0.2522681951522827,0.9203152656555176
5,7,4.150248050689697,0.2111252248287201,0.9312910437583923,0.19889862835407257,0.932574450969696
5,8,4.1143763065338135,0.18927188217639923,0.9315098524093628,0.19632261991500854,0.9404553174972534
5,9,4.142864465713501,0.16697585582733154,0.9446389675140381,0.29889145493507385,0.8931698799133301
5,10,4.170599937438965,0.144316166639328,0.949234127998352,0.19950059056282043,0.9369527101516724
5,11,4.132388591766357,0.13132768869400024,0.9562363028526306,0.29788950085639954,0.900175154209137
5,12,4.123938322067261,0.1109270229935646,0.9630196690559387,0.1913653165102005,0.9378283619880676
5,13,4.140009880065918,0.125741109251976,0.9575492143630981,0.2703508138656616,0.914185643196106
5,14,4.178151369094849,0.09486347436904907,0.968927800655365,0.388637512922287,0.8887916207313538
5,15,4.141180753707886,0.08685034513473511,0.9724288582801819,0.1705775111913681,0.9500875473022461
5,16,4.151176691055298,0.09712563455104828,0.9667395949363708,0.19524940848350525,0.9387040138244629
5,17,4.177350044250488,0.09440279006958008,0.967396080493927,0.1754445880651474,0.9509631991386414
5,18,4.127988815307617,0.06634347140789032,0.9768052697181702,0.1771584451198578,0.9422066807746887
5,19,4.120619297027588,0.06587004661560059,0.9778993725776672,0.3831266164779663,0.8791593909263611
5,20,4.148281574249268,0.06677760928869247,0.9798687100410461,0.17101161181926727,0.9527145624160767
5,21,4.168259620666504,0.07288219779729843,0.9752735495567322,0.2839498817920685,0.9273204803466797
5,22,4.1313676834106445,0.056883104145526886,0.9829321503639221,0.15882131457328796,0.9535902142524719
5,23,4.133932828903198,0.05712942034006119,0.9811816215515137,0.28187862038612366,0.9159369468688965
5,24,4.172647953033447,0.05884275957942009,0.9787746071815491,0.4470427334308624,0.8572679758071899
5,25,4.158514976501465,0.06297970563173294,0.9796499013900757,0.23634210228919983,0.9343257546424866
5,26,4.140788555145264,0.056521084159612656,0.981838047504425,0.15391531586647034,0.9597197771072388
5,27,4.13667106628418,0.04243478924036026,0.9849015474319458,0.19231852889060974,0.9500875473022461
5,28,4.224456548690796,0.05347074940800667,0.9833698272705078,0.22724752128124237,0.932574450969696
5,29,4.125792741775513,0.04232660308480263,0.9862144589424133,0.16895925998687744,0.9588441252708435
5,30,4.133606195449829,0.04547153040766716,0.9840262532234192,0.2761205732822418,0.932574450969696
